mailto:globalcopyny@yahoo.com,https://www.yellowpages.com/new-york-ny/mip/global-copy-2988131?lid=1000106255864,Global Copy,(212) 222-2679
mailto:vahid.pourkay@offthemark.com,https://www.yellowpages.com/new-york-ny/mip/print-icon-482426894,Print Icon,(212) 255-4489
mailto:swiftcopy@aol.com,https://www.yellowpages.com/new-york-ny/mip/swift-copy-printing-8993441,Swift Copy Printing,(212) 683-4900
mailto:bowneprinters@seany.org,https://www.yellowpages.com/new-york-ny/mip/bowne-co-inc-532213438,"Bowne & Co., Inc.",(646) 628-2707
,https://www.yellowpages.com/new-york-ny/mip/digital-city-marketing-22985148,Digital City Marketing,(212) 244-1254
mailto:alegg@fairwayprinting.com,https://www.yellowpages.com/new-york-ny/mip/fairway-printing-design-inc-9695658,Fairway Printing & Design Inc,(212) 279-2939
mailto:santo@sourceunltd.com,https://www.yellowpages.com/new-york-ny/mip/the-source-unltd-print-copy-shop-10251171,The Source Unltd Print & Copy Shop,(212) 473-7833
mailto:accinc552@yahoo.com,https://www.yellowpages.com/new-york-ny/mip/advanced-copy-center-inc-8780131?lid=1002004274057,Advanced Copy Center Inc,(917) 920-3058
mailto:smpgraphicservices@yahoo.com,https://www.yellowpages.com/new-york-ny/mip/smp-digital-graphics-482936858,Smp Digital Graphics,(212) 691-6766
mailto:Info@Thecopyspecialist.Com,https://www.yellowpages.com/new-york-ny/mip/copy-specialists-481462292,Copy Specialists,(646) 336-6999
mailto:clientservices@abgprint.com,https://www.yellowpages.com/new-york-ny/mip/abgprint-com-533418386,ABGPrint.com,(212) 398-1010
mailto:chris@graphiclabinc.com,https://www.yellowpages.com/new-york-ny/mip/graphic-lab-printing-nyc-inc-477071728,Graphic Lab Printing NYC Inc.,(212) 682-1815
mailto:UniqueCopyCenter1@gmail.com,https://www.yellowpages.com/new-york-ny/mip/unique-copy-center-of-new-york-4632845,Unique Copy Center Of New York,(212) 420-9198
,https://www.yellowpages.com/new-york-ny/mip/copycats-second-avenue-corp-493131297,Copycats Second Avenue Corp,(212) 557-2111
mailto:us722@alphagraphics.com,https://www.yellowpages.com/new-york-ny/mip/alphagraphics-482407796,Alphagraphics,(212) 564-0200
mailto:cmthorn@aol.com,https://www.yellowpages.com/new-york-ny/mip/frontline-printing-nyc-465642607,Frontline Printing Nyc,(212) 244-4989
mailto:sales@wholesalecopies.com,https://www.yellowpages.com/new-york-ny/mip/wholesale-copies-inc-708408,"Wholesale Copies, Inc.",(212) 779-4065
mailto:info@bestgraphicspress.com,https://www.yellowpages.com/new-york-ny/mip/best-graphics-press-inc-10197084,"Best Graphics Press, Inc.",(212) 281-9440
mailto:store6670@theupsstore.com,https://www.yellowpages.com/new-york-ny/mip/the-ups-store-458100144,The UPS Store,(212) 960-8728
,https://www.yellowpages.com/new-york-ny/mip/castle-ink-20628741,Castle Ink,(800) 399-5193
mailto:tb@bsqu.com,https://www.yellowpages.com/new-york-ny/mip/b-squared-459322593,B Squared,(212) 777-2044
mailto:submit@everreadyblueprint.com,https://www.yellowpages.com/new-york-ny/mip/ever-ready-blueprint-461560216,Ever Ready Blueprint,(212) 228-3131
mailto:globalcopyny@yahoo.com,https://www.yellowpages.com/new-york-ny/mip/global-copy-2988131?lid=1000106255864,Global Copy,(212) 222-2679
mailto:sales@cityprintingny.com,https://www.yellowpages.com/new-york-ny/mip/city-printing-and-signs-476263970?lid=1000408680072,City Printing And Signs,(212) 564-1017
,https://www.yellowpages.com/new-york-ny/mip/rush-flyer-printing-464651110,Rush Flyer Printing,(718) 288-2422
,https://www.yellowpages.com/new-york-ny/mip/pixalies-print-web-and-graphic-design-452135174,"Pixalies | Print, Web and Graphic Design",(267) 208-8000
mailto:info@epicsecurity.com,https://www.yellowpages.com/new-york-ny/mip/epic-security-corp-21732807?lid=1001642523488,EPIC Security Corp.,(212) 580-3434
mailto:shieldpress@yahoo.com,https://www.yellowpages.com/new-york-ny/mip/shield-press-inc-464952582?lid=1001780774438,Shield Press. Inc.,(212) 431-7489
,https://www.yellowpages.com/new-york-ny/mip/staples-502947015,Staples,(212) 221-3517
,https://www.yellowpages.com/new-york-ny/mip/acro-photo-print-inc-455801404,Acro Photo Print Inc.,(929) 244-4322
mailto:info@qis-inc.com,https://www.yellowpages.com/new-york-ny/mip/quality-imaging-services-2429409,Quality Imaging Services,(212) 566-5540
mailto:sales@cityprintingny.com,https://www.yellowpages.com/new-york-ny/mip/city-printing-and-signs-476263970?lid=1000408680072,City Printing And Signs,(212) 564-1017
mailto:globalcopyny@yahoo.com,https://www.yellowpages.com/new-york-ny/mip/global-copy-2988131?lid=1000122947393,Global Copy,(212) 222-2679
mailto:cityprinters@verizon.net,https://www.yellowpages.com/forest-hills-ny/mip/city-printers-14167901?lid=1000111166828,City Printers,(718) 544-5262
mailto:info@superfastla.com,https://www.yellowpages.com/santa-monica-ca/mip/super-fast-copying-binding-systems-461878279?lid=1002004609240,Super Fast Copying & Binding Systems,(800) 267-9246
mailto:shieldpress@yahoo.com,https://www.yellowpages.com/new-york-ny/mip/shield-press-inc-464952582?lid=1001780774438,Shield Press. Inc.,(212) 431-7489
mailto:dklyuchn@adobe.com,https://www.yellowpages.com/long-island-city-ny/mip/walnut-printing-inc-1910612?lid=1001974650194,Walnut Printing Inc,(646) 734-5823
